url,unsafe_score,uploaded_at,updated_at
indlansex.net,90,7/29/2020 10:27:04,7/29/2020 10:27:04
 3rat.com,90,7/29/2020 10:27:04,7/29/2020 10:27:04
 4hen.com,90,7/29/2020 10:27:04,7/29/2020 10:27:04
africansexvideos.net,90,7/29/2020 10:27:04,7/29/2020 10:27:04
bananabunny.com,90,7/29/2020 10:27:04,7/29/2020 10:27:04
 cutepornvideos.com,90,7/29/2020 10:27:04,7/29/2020 10:27:04
 desimurga.com,90,7/29/2020 10:27:04,7/29/2020 10:27:04
desisexclips.com,90,7/29/2020 10:27:04,7/29/2020 10:27:04
 dslady.com,90,7/29/2020 10:27:04,7/29/2020 10:27:04
 eroticperfection.com,90,7/29/2020 10:27:04,7/29/2020 10:27:04
 es.porn.com,90,7/29/2020 10:27:04,7/29/2020 10:27:04
 gaypornium.com,90,7/29/2020 10:27:04,7/29/2020 10:27:04
 gracefulnudes.com,90,7/29/2020 10:27:04,7/29/2020 10:27:04
 hot-dates.info,90,7/29/2020 10:27:04,7/29/2020 10:27:04
 hqlinks.net,90,7/29/2020 10:27:04,7/29/2020 10:27:04
 how-do-you-produce-more-seminal-fluid.semenaxx.org,90,7/29/2020 10:27:04,7/29/2020 10:27:04
indianporntube.xxx,90,7/29/2020 10:27:04,7/29/2020 10:27:04
 indiansex4u.com,90,7/29/2020 10:27:04,7/29/2020 10:27:04
jav-porn.net,90,7/29/2020 10:27:04,7/29/2020 10:27:04
kirtu.com,90,7/29/2020 10:27:04,7/29/2020 10:27:04
legalporno.com,90,7/29/2020 10:27:04,7/29/2020 10:27:04
 luboeporno.com,90,7/29/2020 10:27:04,7/29/2020 10:27:04
 mypornbookmarks.com,90,7/29/2020 10:27:04,7/29/2020 10:27:04
 pinkythekinky.com,90,7/29/2020 10:27:04,7/29/2020 10:27:04
 pornfromczech.com,90,7/29/2020 10:27:04,7/29/2020 10:27:04
 sexsex.hu,90,7/29/2020 10:27:04,7/29/2020 10:27:04
 sexxxxi.com,90,7/29/2020 10:27:04,7/29/2020 10:27:04
 shemale.asia,90,7/29/2020 10:27:04,7/29/2020 10:27:04
teengayporntube.com,90,7/29/2020 10:27:04,7/29/2020 10:27:04
thefreecamsecret.com,90,7/29/2020 10:27:04,7/29/2020 10:27:04
theporndude.com,90,7/29/2020 10:27:04,7/29/2020 10:27:04
 momsteachsex.com,90,7/29/2020 10:27:04,7/29/2020 10:27:04
videos.petardas.com,90,7/29/2020 10:27:04,7/29/2020 10:27:04
 www.xvideos.com,90,7/29/2020 10:27:04,7/29/2020 10:27:04
 www.89.com,90,7/29/2020 10:27:04,7/29/2020 10:27:04
www.adultsextube.com,90,7/29/2020 10:27:04,7/29/2020 10:27:04
www.alohatube.com,90,7/29/2020 10:27:04,7/29/2020 10:27:04
www.analsexstars.com,90,7/29/2020 10:27:04,7/29/2020 10:27:04
www.babosas.com,90,7/29/2020 10:27:04,7/29/2020 10:27:04
www.bomnporn.com,90,7/29/2020 10:27:04,7/29/2020 10:27:04
www.brazzers.com,90,7/29/2020 10:27:04,7/29/2020 10:27:04
www.callboyindia.com,90,7/29/2020 10:27:04,7/29/2020 10:27:04
en.cam4.co,90,7/29/2020 10:27:04,7/29/2020 10:27:04
en.cam4.com.br,90,7/29/2020 10:27:04,7/29/2020 10:27:04
 www.cam4.in,90,7/29/2020 10:27:04,7/29/2020 10:27:04
www.cholotube.com,90,7/29/2020 10:27:04,7/29/2020 10:27:04
www.cliphunter.com,90,7/29/2020 10:27:04,7/29/2020 10:27:04
www.cullosgratis.com.ve,90,7/29/2020 10:27:04,7/29/2020 10:27:04
 www.cumlouder.com,90,7/29/2020 10:27:04,7/29/2020 10:27:04
 www.darering.com,90,7/29/2020 10:27:04,7/29/2020 10:27:04
 www.drtuber.com,90,7/29/2020 10:27:04,7/29/2020 10:27:04
 www.epicporntube.com,90,7/29/2020 10:27:04,7/29/2020 10:27:04
 www.eporner.com,90,7/29/2020 10:27:04,7/29/2020 10:27:04
 www.fapto.xxx,90,7/29/2020 10:27:04,7/29/2020 10:27:04
 www.flirt4free.com,90,7/29/2020 10:27:04,7/29/2020 10:27:04
 www.freeones.com,90,7/29/2020 10:27:04,7/29/2020 10:27:04
 www.freshporn.info,90,7/29/2020 10:27:04,7/29/2020 10:27:04
 www.fuckcuck.com,90,7/29/2020 10:27:04,7/29/2020 10:27:04
 www.gracefulnudes.com,90,7/29/2020 10:27:04,7/29/2020 10:27:04
www.gayboystube.com,90,7/29/2020 10:27:04,7/29/2020 10:27:04
www.fuq.com,90,7/29/2020 10:27:04,7/29/2020 10:27:04
www.hairy.com,90,7/29/2020 10:27:04,7/29/2020 10:27:04
www.hindisex.com,90,7/29/2020 10:27:04,7/29/2020 10:27:04
www.iknowthatgirl.com,90,7/29/2020 10:27:04,7/29/2020 10:27:04
www.indianpornovid.com,90,7/29/2020 10:27:04,7/29/2020 10:27:04
www.indianpornvideos.com,90,7/29/2020 10:27:04,7/29/2020 10:27:04
www.ixxx-tube.com,90,7/29/2020 10:27:04,7/29/2020 10:27:04
www.ixxx.com,90,7/29/2020 10:27:04,7/29/2020 10:27:04
www.ixxx.com.es,90,7/29/2020 10:27:04,7/29/2020 10:27:04
www.ixxx.ws,90,7/29/2020 10:27:04,7/29/2020 10:27:04
www.jizzhut.com,90,7/29/2020 10:27:04,7/29/2020 10:27:04
www.labatidora.net,90,7/29/2020 10:27:04,7/29/2020 10:27:04
www.leche69.com,90,7/29/2020 10:27:04,7/29/2020 10:27:04
www.livjasmin.com,90,7/29/2020 10:27:04,7/29/2020 10:27:04
www.locasporfollar.com,90,7/29/2020 10:27:04,7/29/2020 10:27:04
www.lushstories.com,90,7/29/2020 10:27:04,7/29/2020 10:27:04
www.mc-nudes.com,90,7/29/2020 10:27:04,7/29/2020 10:27:04
www.milfmovs.com,90,7/29/2020 10:27:04,7/29/2020 10:27:04
www.myfreecams.com,90,7/29/2020 10:27:04,7/29/2020 10:27:04
www.naughty.com,90,7/29/2020 10:27:04,7/29/2020 10:27:04
www.penguinvids.com,90,7/29/2020 10:27:04,7/29/2020 10:27:04
www.perfectgirls.net,90,7/29/2020 10:27:04,7/29/2020 10:27:04
www.perucaseras.com,90,7/29/2020 10:27:04,7/29/2020 10:27:04
www.pinkworld.com,90,7/29/2020 10:27:04,7/29/2020 10:27:04
www.playboy.com,90,7/29/2020 10:27:04,7/29/2020 10:27:04
www.playvid.com,90,7/29/2020 10:27:04,7/29/2020 10:27:04
www.pornhub.com,90,7/29/2020 10:27:04,7/29/2020 10:27:04
www.porno.com,90,7/29/2020 10:27:04,7/29/2020 10:27:04
www.pornorc.net,90,7/29/2020 10:27:04,7/29/2020 10:27:04
www.porntube.com,90,7/29/2020 10:27:04,7/29/2020 10:27:04
www.puritanas.com,90,7/29/2020 10:27:04,7/29/2020 10:27:04
www.redtube.com,90,7/29/2020 10:27:04,7/29/2020 10:27:04
www.rk.com,90,7/29/2020 10:27:04,7/29/2020 10:27:04
www.roundandbrown.com,90,7/29/2020 10:27:04,7/29/2020 10:27:04
www.serviporno.com,90,7/29/2020 10:27:04,7/29/2020 10:27:04
www.sexocean.com,90,7/29/2020 10:27:04,7/29/2020 10:27:04
www.teenpornxxx.net,90,7/29/2020 10:27:04,7/29/2020 10:27:04
www.thefreecamsecret.com,90,7/29/2020 10:27:04,7/29/2020 10:27:04
www.tnaflix.com,90,7/29/2020 10:27:04,7/29/2020 10:27:04
 www.truthordarepics.com,90,7/29/2020 10:27:04,7/29/2020 10:27:04
 www.tube8.com,90,7/29/2020 10:27:04,7/29/2020 10:27:04
 www.tubegalore.com,90,7/29/2020 10:27:04,7/29/2020 10:27:04
 www.videosdemadurasx.com,90,7/29/2020 10:27:04,7/29/2020 10:27:04
 www.watchmygf.com,90,7/29/2020 10:27:04,7/29/2020 10:27:04
 www.x-ho.com,90,7/29/2020 10:27:04,7/29/2020 10:27:04
 www.xixx.com,90,7/29/2020 10:27:04,7/29/2020 10:27:04
 www.xnxx.com,90,7/29/2020 10:27:04,7/29/2020 10:27:04
 www.xtube.com,90,7/29/2020 10:27:04,7/29/2020 10:27:04
 www.xvideosnacional.com,90,7/29/2020 10:27:04,7/29/2020 10:27:04
 www.xxx.com,90,7/29/2020 10:27:04,7/29/2020 10:27:04
 www.youjizz.com,90,7/29/2020 10:27:04,7/29/2020 10:27:04
 www.youporn.com,90,7/29/2020 10:27:04,7/29/2020 10:27:04
 xhamster.com,90,7/29/2020 10:27:04,7/29/2020 10:27:04
 xhot.sextgem.com,90,7/29/2020 10:27:04,7/29/2020 10:27:04
 xxx.com,90,7/29/2020 10:27:04,7/29/2020 10:27:04
 www.jeux-flash-sexy.com,90,7/29/2020 10:27:04,7/29/2020 10:27:04
 www.purebbwtube.com,90,7/29/2020 10:27:04,7/29/2020 10:27:04
 www.babes.com,90,7/29/2020 10:27:04,7/29/2020 10:27:04
 www.fotomujeres.pibones.com,90,7/29/2020 10:27:04,7/29/2020 10:27:04
 www.rubber-kingdom.com,90,7/29/2020 10:27:04,7/29/2020 10:27:04
 savitabhabhi.mobi,90,7/29/2020 10:27:04,7/29/2020 10:27:04
 pinkvisualtgp.com,90,7/29/2020 10:27:04,7/29/2020 10:27:04
 www.antarvasna.com,90,7/29/2020 10:27:04,7/29/2020 10:27:04
 www.hot-gifz.com,90,7/29/2020 10:27:04,7/29/2020 10:27:04
 www.lechecallente.com,90,7/29/2020 10:27:04,7/29/2020 10:27:04
 www.parejasfollando.es,90,7/29/2020 10:27:04,7/29/2020 10:27:04
 www.flirthookup.com,90,7/29/2020 10:27:04,7/29/2020 10:27:04
 www.cerdas.com,90,7/29/2020 10:27:04,7/29/2020 10:27:04
 es.chaturbate.com,90,7/29/2020 10:27:04,7/29/2020 10:27:04
 www.youngpornvideos.com,90,7/29/2020 10:27:04,7/29/2020 10:27:04
 www.nudevista.com,90,7/29/2020 10:27:04,7/29/2020 10:27:04
 2gayboys.com,90,7/29/2020 10:27:04,7/29/2020 10:27:04
 pornxxxtubes.com,90,7/29/2020 10:27:04,7/29/2020 10:27:04
 www.ledauphine.com,90,7/29/2020 10:27:04,7/29/2020 10:27:04
 freex.mobi,90,7/29/2020 10:27:04,7/29/2020 10:27:04
 www.megavideoporno.org,90,7/29/2020 10:27:04,7/29/2020 10:27:04
 www.pornochaud.com,90,7/29/2020 10:27:04,7/29/2020 10:27:04
 www.gokabyle.com,90,7/29/2020 10:27:04,7/29/2020 10:27:04
 bdenjoymore.blogspot.com,90,7/29/2020 10:27:04,7/29/2020 10:27:04
 www.petardas.com,90,7/29/2020 10:27:04,7/29/2020 10:27:04
 www.toroporno.com,90,7/29/2020 10:27:04,7/29/2020 10:27:04
 conejox.com,90,7/29/2020 10:27:04,7/29/2020 10:27:04
 www.sambaporno.com,90,7/29/2020 10:27:04,7/29/2020 10:27:04
 www.voyeurpipi.com,90,7/29/2020 10:27:04,7/29/2020 10:27:04
 porn.mangassex.com,90,7/29/2020 10:27:04,7/29/2020 10:27:04
 goulnes.pornoxxxi.net,90,7/29/2020 10:27:04,7/29/2020 10:27:04
 videos-x.xpornogays.com,90,7/29/2020 10:27:04,7/29/2020 10:27:04
 www.indienne-sexy.com,90,7/29/2020 10:27:04,7/29/2020 10:27:04
 www.arabebaise.com,90,7/29/2020 10:27:04,7/29/2020 10:27:04
 www.ohasiatique.com,90,7/29/2020 10:27:04,7/29/2020 10:27:04
 www.porn.com,90,7/29/2020 10:27:04,7/29/2020 10:27:04
 xxxonxxx.com,90,7/29/2020 10:27:04,7/29/2020 10:27:04
 www.sexxxdoll.com,90,7/29/2020 10:27:04,7/29/2020 10:27:04
 www.xxxvideosex.org,90,7/29/2020 10:27:04,7/29/2020 10:27:04
 www.gonzoxxxmovies.com,90,7/29/2020 10:27:04,7/29/2020 10:27:04
 www.keezmovies.com,90,7/29/2020 10:27:04,7/29/2020 10:27:04
 www.xxx.xxx,90,7/29/2020 10:27:04,7/29/2020 10:27:04
 www.poringa.net,90,7/29/2020 10:27:04,7/29/2020 10:27:04
 www.videosxxxputas.xxx,90,7/29/2020 10:27:04,7/29/2020 10:27:04
 lisaannlovers11.tumblr.com,90,7/29/2020 10:27:04,7/29/2020 10:27:04
 h33t.to,90,7/29/2020 10:27:04,7/29/2020 10:27:04
 www.premiercastingporno.com,90,7/29/2020 10:27:04,7/29/2020 10:27:04
 www.marocainenue.com,90,7/29/2020 10:27:04,7/29/2020 10:27:04
 fr.perfectgirls.net,90,7/29/2020 10:27:04,7/29/2020 10:27:04
 www.jeffdunhamfuckdoll.com,90,7/29/2020 10:27:04,7/29/2020 10:27:04
 www.pornmotion.com,90,7/29/2020 10:27:04,7/29/2020 10:27:04
 www.gorgeousladies.com,90,7/29/2020 10:27:04,7/29/2020 10:27:04
 www.fille-nue-video.com,90,7/29/2020 10:27:04,7/29/2020 10:27:04
 www.teensnow.com,90,7/29/2020 10:27:04,7/29/2020 10:27:04
 www.theofficiallouisejenson.com,90,7/29/2020 10:27:04,7/29/2020 10:27:04
 bangbros.com,90,7/29/2020 10:27:04,7/29/2020 10:27:04
 yourather.com,90,7/29/2020 10:27:04,7/29/2020 10:27:04
 bootlus.com,90,7/29/2020 10:27:04,7/29/2020 10:27:04
 www.conejox.com,90,7/29/2020 10:27:04,7/29/2020 10:27:04
 www.toonztube.com,90,7/29/2020 10:27:04,7/29/2020 10:27:04
 www.top-chatroulette.com,90,7/29/2020 10:27:04,7/29/2020 10:27:04
 videosfilleschaudes.com,90,7/29/2020 10:27:04,7/29/2020 10:27:04
 www.fillechaude.com,90,7/29/2020 10:27:04,7/29/2020 10:27:04
 femmesmuresx.net,90,7/29/2020 10:27:04,7/29/2020 10:27:04
 www.liberteenage.com,90,7/29/2020 10:27:04,7/29/2020 10:27:04
 coffetube.com,90,7/29/2020 10:27:04,7/29/2020 10:27:04
 awesomeellalove.tumblr.com,90,7/29/2020 10:27:04,7/29/2020 10:27:04
 www.xnxxgifs.com,90,7/29/2020 10:27:04,7/29/2020 10:27:04
 www.gaygautemela.com,90,7/29/2020 10:27:04,7/29/2020 10:27:04
 saoulbafjojo.com,90,7/29/2020 10:27:04,7/29/2020 10:27:04
 pornofemmeblack.com,90,7/29/2020 10:27:04,7/29/2020 10:27:04
 sexonapria.org,90,7/29/2020 10:27:04,7/29/2020 10:27:04
 www.beurettehot.net,90,7/29/2020 10:27:04,7/29/2020 10:27:04
 woodstockreborn.tumblr.com,90,7/29/2020 10:27:04,7/29/2020 10:27:04
 www.freesex.com,90,7/29/2020 10:27:04,7/29/2020 10:27:04
 www.peliculaspornogratisxxx.com,90,7/29/2020 10:27:04,7/29/2020 10:27:04
 www.porno-algerienne.com,90,7/29/2020 10:27:04,7/29/2020 10:27:04
 belles-femmes-arabes.blogspot.com,90,7/29/2020 10:27:04,7/29/2020 10:27:04
 www.lesbiennesxxx.com,90,7/29/2020 10:27:04,7/29/2020 10:27:04
 des-filles-sexy.com,90,7/29/2020 10:27:04,7/29/2020 10:27:04
 www.videos-porno-chaudes.com,90,7/29/2020 10:27:04,7/29/2020 10:27:04
 www.xgouines.com,90,7/29/2020 10:27:04,7/29/2020 10:27:04
 www.couleurivoire.com,90,7/29/2020 10:27:04,7/29/2020 10:27:04
 3animalsextube.com,90,7/29/2020 10:27:04,7/29/2020 10:27:04
 moncotube.net,90,7/29/2020 10:27:04,7/29/2020 10:27:04
 mouparkstreet.blogspot.com,90,7/29/2020 10:27:04,7/29/2020 10:27:04
 sexocean.com,90,7/29/2020 10:27:04,7/29/2020 10:27:04
 www.sexcoachapp.com,90,7/29/2020 10:27:04,7/29/2020 10:27:04
 www.femdomecpire.com,90,7/29/2020 10:27:04,7/29/2020 10:27:04
 babosas.co,90,7/29/2020 10:27:04,7/29/2020 10:27:04
 www.guide-asie.com,90,7/29/2020 10:27:04,7/29/2020 10:27:04
 www.beauxcul.com,90,7/29/2020 10:27:04,7/29/2020 10:27:04
 www.maghrebinnes.xl.cx,90,7/29/2020 10:27:04,7/29/2020 10:27:04
 axnxxx.org,90,7/29/2020 10:27:04,7/29/2020 10:27:04
 xnxx-free.net,90,7/29/2020 10:27:04,7/29/2020 10:27:04
 xnxx.vc,90,7/29/2020 10:27:04,7/29/2020 10:27:04
 es.bravotube.net,90,7/29/2020 10:27:04,7/29/2020 10:27:04
 www.femmesporno.com,90,7/29/2020 10:27:04,7/29/2020 10:27:04
 www.tubeduporno.com,90,7/29/2020 10:27:04,7/29/2020 10:27:04
 videos-sexe.1touffe.com,90,7/29/2020 10:27:04,7/29/2020 10:27:04
 video-porno.videurdecouilles.com,90,7/29/2020 10:27:04,7/29/2020 10:27:04
 www.rubias19.com,90,7/29/2020 10:27:04,7/29/2020 10:27:04
 xxi.onxxille.com,90,7/29/2020 10:27:04,7/29/2020 10:27:04
 www.asiatique-femme.com,90,7/29/2020 10:27:04,7/29/2020 10:27:04
 www.masalopeblack.com,90,7/29/2020 10:27:04,7/29/2020 10:27:04
 beautyandthebeard1.tumblr.com,90,7/29/2020 10:27:04,7/29/2020 10:27:04
 beautiful-nude-teens-exposed.tumblr.com,90,7/29/2020 10:27:04,7/29/2020 10:27:04
 www.porno-marocaine.com,90,7/29/2020 10:27:04,7/29/2020 10:27:04
 www.69rueporno.com,90,7/29/2020 10:27:04,7/29/2020 10:27:04
 fuckmycheatingslutwife.tumblr.com,90,7/29/2020 10:27:04,7/29/2020 10:27:04
 www.arabe-sexy.com,90,7/29/2020 10:27:04,7/29/2020 10:27:04
 www.film-porno-black.com,90,7/29/2020 10:27:04,7/29/2020 10:27:04
 www.sexe-evbony.com,90,7/29/2020 10:27:04,7/29/2020 10:27:04
 www.gratishentai.net,90,7/29/2020 10:27:04,7/29/2020 10:27:04
 cochonnevideosx.com,90,7/29/2020 10:27:04,7/29/2020 10:27:04
 chaudassedusexe.com,90,7/29/2020 10:27:04,7/29/2020 10:27:04
 videosanalesx.com,90,7/29/2020 10:27:04,7/29/2020 10:27:04
 www.pornotantique.com,90,7/29/2020 10:27:04,7/29/2020 10:27:04
 dorceltv.xn.pl,90,7/29/2020 10:27:04,7/29/2020 10:27:04
 video-sex.femmesx.net,90,7/29/2020 10:27:04,7/29/2020 10:27:04
 www.boutique-sexy.ch,90,7/29/2020 10:27:04,7/29/2020 10:27:04
 www.salope-marocaine.com,90,7/29/2020 10:27:04,7/29/2020 10:27:04
 www.pornocolumbia.co,90,7/29/2020 10:27:04,7/29/2020 10:27:04
 www.jeunette18.com,90,7/29/2020 10:27:04,7/29/2020 10:27:04
 www.sexe2asiatique.com,90,7/29/2020 10:27:04,7/29/2020 10:27:04
 www.redtuve.com,90,7/29/2020 10:27:04,7/29/2020 10:27:04
 www.les-groses.net,90,7/29/2020 10:27:04,7/29/2020 10:27:04
 www.nexxx.com,90,7/29/2020 10:27:04,7/29/2020 10:27:04
 freesex.com,90,7/29/2020 10:27:04,7/29/2020 10:27:04
 www.videospornonacional.com,90,7/29/2020 10:27:04,7/29/2020 10:27:04
 www.xxxkinky.com,90,7/29/2020 10:27:04,7/29/2020 10:27:04
 www.yasminramos.com,90,7/29/2020 10:27:04,7/29/2020 10:27:04
 www.tukif.com,90,7/29/2020 10:27:04,7/29/2020 10:27:04
 porno-wife.com,90,7/29/2020 10:27:04,7/29/2020 10:27:04
 www.film-xxx-black.com,90,7/29/2020 10:27:04,7/29/2020 10:27:04
 www.sex.com,90,7/29/2020 10:27:04,7/29/2020 10:27:04
 every-seconds.tumblr.com,90,7/29/2020 10:27:04,7/29/2020 10:27:04
 adultwork.com,90,7/29/2020 10:27:04,7/29/2020 10:27:04
 hairy.com,90,7/29/2020 10:27:04,7/29/2020 10:27:04
 www.tendance-lesbienne.com,90,7/29/2020 10:27:04,7/29/2020 10:27:04
 jpangel101.tumblr.com,90,7/29/2020 10:27:04,7/29/2020 10:27:04
 18teensexposed.tumblr.com,90,7/29/2020 10:27:04,7/29/2020 10:27:04
 girthyencounters.tumblr.com,90,7/29/2020 10:27:04,7/29/2020 10:27:04
 cuckinohio.tumblr.com,90,7/29/2020 10:27:04,7/29/2020 10:27:04
 dildosatisfaction.tumblr.com,90,7/29/2020 10:27:04,7/29/2020 10:27:04
 stretchedpussy.tumblr.com,90,7/29/2020 10:27:04,7/29/2020 10:27:04
 mindslostinlust.tumblr.com,90,7/29/2020 10:27:04,7/29/2020 10:27:04
 whoresmilfsdegraded.tumblr.com,90,7/29/2020 10:27:04,7/29/2020 10:27:04
 bigdickswillingchicks.tumblr.com,90,7/29/2020 10:27:04,7/29/2020 10:27:04
 www.indiansexstories.net,90,7/29/2020 10:27:04,7/29/2020 10:27:04
 beeg.com,90,7/29/2020 10:27:04,7/29/2020 10:27:04
 www.eros.com,90,7/29/2020 10:27:04,7/29/2020 10:27:04
 www.brazzersnetwork.com,90,7/29/2020 10:27:04,7/29/2020 10:27:04
 sextubelinks.com,90,7/29/2020 10:27:04,7/29/2020 10:27:04
 xxxbunker.com,90,7/29/2020 10:27:04,7/29/2020 10:27:04
 7dog.com,90,7/29/2020 10:27:04,7/29/2020 10:27:04
 vivthomas.com,90,7/29/2020 10:27:04,7/29/2020 10:27:04
 www.porn00.org,90,7/29/2020 10:27:04,7/29/2020 10:27:04
 www.teensnowxvideos.com,90,7/29/2020 10:27:04,7/29/2020 10:27:04
 www.x-art.com,90,7/29/2020 10:27:04,7/29/2020 10:27:04
 chaturbate.com,90,7/29/2020 10:27:04,7/29/2020 10:27:04
 pinkworld.com,90,7/29/2020 10:27:04,7/29/2020 10:27:04
 www.pandamovies.com,90,7/29/2020 10:27:04,7/29/2020 10:27:04
 www.muyzorras.com,90,7/29/2020 10:27:04,7/29/2020 10:27:04
 videos-porno.x18xxx.com,90,7/29/2020 10:27:04,7/29/2020 10:27:04
 uplust.com,90,7/29/2020 10:27:04,7/29/2020 10:27:04
 www.shemales.com,90,7/29/2020 10:27:04,7/29/2020 10:27:04
 www.bigboobsalert.com,90,7/29/2020 10:27:04,7/29/2020 10:27:04
 www.culx.org,90,7/29/2020 10:27:04,7/29/2020 10:27:04
 www.gay43.com,90,7/29/2020 10:27:04,7/29/2020 10:27:04
 blogfalconstudios.com,90,7/29/2020 10:27:04,7/29/2020 10:27:04
 store.falconstudios.com,90,7/29/2020 10:27:04,7/29/2020 10:27:04
 www.premium.gays.com,90,7/29/2020 10:27:04,7/29/2020 10:27:04
 www.omegaporno.com,90,7/29/2020 10:27:04,7/29/2020 10:27:04
 www.specialgays.com,90,7/29/2020 10:27:04,7/29/2020 10:27:04
 www.gggay.com,90,7/29/2020 10:27:04,7/29/2020 10:27:04
 www.nautilix.com,90,7/29/2020 10:27:04,7/29/2020 10:27:04
 www.ovideox.com,90,7/29/2020 10:27:04,7/29/2020 10:27:04
 www.aztecaporno.com,90,7/29/2020 10:27:04,7/29/2020 10:27:04
 hard.pornoxxl.org,90,7/29/2020 10:27:04,7/29/2020 10:27:04
 xxl.sexgratuits.com,90,7/29/2020 10:27:04,7/29/2020 10:27:04
 www.pornosfilms.com,90,7/29/2020 10:27:04,7/29/2020 10:27:04
 www.herbalviagraworld.com,90,7/29/2020 10:27:04,7/29/2020 10:27:04
 www.primecurves.com,90,7/29/2020 10:27:04,7/29/2020 10:27:04
 xbabe.com,90,7/29/2020 10:27:04,7/29/2020 10:27:04
 webpnudes.com,90,7/29/2020 10:27:04,7/29/2020 10:27:04
 www.hornybook.com,90,7/29/2020 10:27:04,7/29/2020 10:27:04
 www.pinsex.com,90,7/29/2020 10:27:04,7/29/2020 10:27:04
 smutty.com,90,7/29/2020 10:27:04,7/29/2020 10:27:04
 www.dreammovies.com,90,7/29/2020 10:27:04,7/29/2020 10:27:04
 pornhubfillesalope.com,90,7/29/2020 10:27:04,7/29/2020 10:27:04
 girlygifporn.com,90,7/29/2020 10:27:04,7/29/2020 10:27:04
 arabicdancevideo.blogspot.com,90,7/29/2020 10:27:04,7/29/2020 10:27:04
 kellydivine.co,90,7/29/2020 10:27:04,7/29/2020 10:27:04
 www.tubepornstars.com,90,7/29/2020 10:27:04,7/29/2020 10:27:04
 vintagehairy.net,90,7/29/2020 10:27:04,7/29/2020 10:27:04
 lookatvintage.com,90,7/29/2020 10:27:04,7/29/2020 10:27:04
 www.pornorama.com,90,7/29/2020 10:27:04,7/29/2020 10:27:04
 www.ass4all.com,90,7/29/2020 10:27:04,7/29/2020 10:27:04
 www.cindymovies.com,90,7/29/2020 10:27:04,7/29/2020 10:27:04
 www.jizzle.com,90,7/29/2020 10:27:04,7/29/2020 10:27:04
 www.onlygirlvideos.com,90,7/29/2020 10:27:04,7/29/2020 10:27:04
 roflpot.com,90,7/29/2020 10:27:04,7/29/2020 10:27:04
 www.spankwire.com,90,7/29/2020 10:27:04,7/29/2020 10:27:04
 www.arabesexy.com,90,7/29/2020 10:27:04,7/29/2020 10:27:04
 megamovie.us,90,7/29/2020 10:27:04,7/29/2020 10:27:04
 www.nakedboobs.net,90,7/29/2020 10:27:04,7/29/2020 10:27:04
 www.teencamvids.org,90,7/29/2020 10:27:04,7/29/2020 10:27:04
 nudeboobshotpics.com,90,7/29/2020 10:27:04,7/29/2020 10:27:04
 live.sugarbbw.com,90,7/29/2020 10:27:04,7/29/2020 10:27:04
 sexbotbonnasse.com,90,7/29/2020 10:27:04,7/29/2020 10:27:04
 popurls.com,90,7/29/2020 10:27:04,7/29/2020 10:27:04
 salope.1japonsex.com,90,7/29/2020 10:27:04,7/29/2020 10:27:04
 www.nudematurewomenphotos.com,90,7/29/2020 10:27:04,7/29/2020 10:27:04
 www.eroticbeauties.net,90,7/29/2020 10:27:04,7/29/2020 10:27:04
 milfs30.com,90,7/29/2020 10:27:04,7/29/2020 10:27:04
 freshmatureporn.com,90,7/29/2020 10:27:04,7/29/2020 10:27:04
 matureshine.com,90,7/29/2020 10:27:04,7/29/2020 10:27:04
 wetmaturewhores.com,90,7/29/2020 10:27:04,7/29/2020 10:27:04
 matures-photos.com,90,7/29/2020 10:27:04,7/29/2020 10:27:04
 www.mature-galleries.org,90,7/29/2020 10:27:04,7/29/2020 10:27:04
 owsmut.com,90,7/29/2020 10:27:04,7/29/2020 10:27:04
 maturestation.com,90,7/29/2020 10:27:04,7/29/2020 10:27:04
 webcam.com,90,7/29/2020 10:27:04,7/29/2020 10:27:04
 maturelle.com,90,7/29/2020 10:27:04,7/29/2020 10:27:04
 womenmaturepics.com,90,7/29/2020 10:27:04,7/29/2020 10:27:04
 www.all-free-nude-old-granny-mature-women-xxx-porn-pics.com,90,7/29/2020 10:27:04,7/29/2020 10:27:04
 maturepornhub.com,90,7/29/2020 10:27:04,7/29/2020 10:27:04
 www.nudeold.com,90,7/29/2020 10:27:04,7/29/2020 10:27:04
 www.uniquesexymoms.com,90,7/29/2020 10:27:04,7/29/2020 10:27:04
 www.nude-oldies.com,90,7/29/2020 10:27:04,7/29/2020 10:27:04
 www.riomature.com,90,7/29/2020 10:27:04,7/29/2020 10:27:04
 hot-naked-milfs.com,90,7/29/2020 10:27:04,7/29/2020 10:27:04
 stiflersmoms.com,90,7/29/2020 10:27:04,7/29/2020 10:27:04
 www.multimature.com,90,7/29/2020 10:27:04,7/29/2020 10:27:04
 www.oldhotmoms.com,90,7/29/2020 10:27:04,7/29/2020 10:27:04
 matureoracle.com,90,7/29/2020 10:27:04,7/29/2020 10:27:04
 hungrymatures.com,90,7/29/2020 10:27:04,7/29/2020 10:27:04
 milfous.com,90,7/29/2020 10:27:04,7/29/2020 10:27:04
 www.watchersweb.com,90,7/29/2020 10:27:04,7/29/2020 10:27:04
 www.eromatures.net,90,7/29/2020 10:27:04,7/29/2020 10:27:04
 mom50.com,90,7/29/2020 10:27:04,7/29/2020 10:27:04
 grannyxxx.co.uk,90,7/29/2020 10:27:04,7/29/2020 10:27:04
 maturesinstockings.com,90,7/29/2020 10:27:04,7/29/2020 10:27:04
 imaturewomen.com,90,7/29/2020 10:27:04,7/29/2020 10:27:04
 wetmaturewomen.com,90,7/29/2020 10:27:04,7/29/2020 10:27:04
 www.matureandyoung.com,90,7/29/2020 10:27:04,7/29/2020 10:27:04
 www.momshere.com,90,7/29/2020 10:27:04,7/29/2020 10:27:04
 riomoms.com,90,7/29/2020 10:27:04,7/29/2020 10:27:04
 www.kissmaturesgo.com,90,7/29/2020 10:27:04,7/29/2020 10:27:04
 bitefaim.com,90,7/29/2020 10:27:04,7/29/2020 10:27:04
 milfionaire.com,90,7/29/2020 10:27:04,7/29/2020 10:27:04
 sexymaturethumbs.com,90,7/29/2020 10:27:04,7/29/2020 10:27:04
 www.maturosexy.com,90,7/29/2020 10:27:04,7/29/2020 10:27:04
 6mature9.com,90,7/29/2020 10:27:04,7/29/2020 10:27:04
 www.hotnakedoldies.com,90,7/29/2020 10:27:04,7/29/2020 10:27:04
 golden-moms.com,90,7/29/2020 10:27:04,7/29/2020 10:27:04
 www.madmamas.com,90,7/29/2020 10:27:04,7/29/2020 10:27:04
 www.womanolder.com,90,7/29/2020 10:27:04,7/29/2020 10:27:04
 www.matureland.net,90,7/29/2020 10:27:04,7/29/2020 10:27:04
 motherstits.com,90,7/29/2020 10:27:04,7/29/2020 10:27:04
 unshavenpussies.net,90,7/29/2020 10:27:04,7/29/2020 10:27:04
 www.pornmaturepics.com,90,7/29/2020 10:27:04,7/29/2020 10:27:04
 105matures.com,90,7/29/2020 10:27:04,7/29/2020 10:27:04
 www.momstaboo.com,90,7/29/2020 10:27:04,7/29/2020 10:27:04
 broslingerie.com,90,7/29/2020 10:27:04,7/29/2020 10:27:04
 www.elderly-women.com,90,7/29/2020 10:27:04,7/29/2020 10:27:04
 upskirttop.net,90,7/29/2020 10:27:04,7/29/2020 10:27:04
 www.bushypussies.net,90,7/29/2020 10:27:04,7/29/2020 10:27:04
 amateurmaturewives.com,90,7/29/2020 10:27:04,7/29/2020 10:27:04
 www.universeold.com,90,7/29/2020 10:27:04,7/29/2020 10:27:04
 www.unshavengirls.net,90,7/29/2020 10:27:04,7/29/2020 10:27:04
 oldernastybitches.com,90,7/29/2020 10:27:04,7/29/2020 10:27:04
 maturewant.com,90,7/29/2020 10:27:04,7/29/2020 10:27:04
 www.juliepost.com,90,7/29/2020 10:27:04,7/29/2020 10:27:04
 mulligansmilfs.com,90,7/29/2020 10:27:04,7/29/2020 10:27:04
 bestmaturewomen.com,90,7/29/2020 10:27:04,7/29/2020 10:27:04
 riomature.com,90,7/29/2020 10:27:04,7/29/2020 10:27:04
 www.mature-orgasm.com,90,7/29/2020 10:27:04,7/29/2020 10:27:04
 inlovewithboobs.com,90,7/29/2020 10:27:04,7/29/2020 10:27:04
 www.riotits.net,90,7/29/2020 10:27:04,7/29/2020 10:27:04
 www.nakedbustytits.com,90,7/29/2020 10:27:04,7/29/2020 10:27:04
 www.ass-butt.com,90,7/29/2020 10:27:04,7/29/2020 10:27:04
 www.matureladiespics.com,90,7/29/2020 10:27:04,7/29/2020 10:27:04
 www.pornmaturewomen.com,90,7/29/2020 10:27:04,7/29/2020 10:27:04
 www.nudemomphotos.com,90,7/29/2020 10:27:04,7/29/2020 10:27:04
 www.secinsurance.com,90,7/29/2020 10:27:04,7/29/2020 10:27:04
 www.bigfreemature.com,90,7/29/2020 10:27:04,7/29/2020 10:27:04
 mature-women-tube.net,90,7/29/2020 10:27:04,7/29/2020 10:27:04
 www.hotnudematures.com,90,7/29/2020 10:27:04,7/29/2020 10:27:04
 oldsexybabes.net,90,7/29/2020 10:27:04,7/29/2020 10:27:04
 www.matureasspics.com,90,7/29/2020 10:27:04,7/29/2020 10:27:04
 mature30plus.com,90,7/29/2020 10:27:04,7/29/2020 10:27:04
 matureamour.com,90,7/29/2020 10:27:04,7/29/2020 10:27:04
 themomsfucking.net,90,7/29/2020 10:27:04,7/29/2020 10:27:04
 boobymilf.com,90,7/29/2020 10:27:04,7/29/2020 10:27:04
 fantasticwomans.com,90,7/29/2020 10:27:04,7/29/2020 10:27:04
 xxxmaturepost.com,90,7/29/2020 10:27:04,7/29/2020 10:27:04
 www.alloldpics.com,90,7/29/2020 10:27:04,7/29/2020 10:27:04
 lenawethole.com,90,7/29/2020 10:27:04,7/29/2020 10:27:04
 www.mature.nl,90,7/29/2020 10:27:04,7/29/2020 10:27:04
 www.wifezilla.com,90,7/29/2020 10:27:04,7/29/2020 10:27:04
 www.chubbygalls.com,90,7/29/2020 10:27:04,7/29/2020 10:27:04
 www.nudematurespics.com,90,7/29/2020 10:27:04,7/29/2020 10:27:04
 www.matureal.com,90,7/29/2020 10:27:04,7/29/2020 10:27:04
 www.thexmilf.com,90,7/29/2020 10:27:04,7/29/2020 10:27:04
 www.cocomilfs.com,90,7/29/2020 10:27:04,7/29/2020 10:27:04
 www.zmilfs.com,90,7/29/2020 10:27:04,7/29/2020 10:27:04
 wild-matures.com,90,7/29/2020 10:27:04,7/29/2020 10:27:04
 horny-matures.net,90,7/29/2020 10:27:04,7/29/2020 10:27:04
 grandmabesttube.com,90,7/29/2020 10:27:04,7/29/2020 10:27:04
 www.bestmilftube.com,90,7/29/2020 10:27:04,7/29/2020 10:27:04
 needmilf.com,90,7/29/2020 10:27:04,7/29/2020 10:27:04
 girlmature.com,90,7/29/2020 10:27:04,7/29/2020 10:27:04
 www.bestmatureclips.com,90,7/29/2020 10:27:04,7/29/2020 10:27:04
 www.lustfuloldies.com,90,7/29/2020 10:27:04,7/29/2020 10:27:04
 www.riomoms.com,90,7/29/2020 10:27:04,7/29/2020 10:27:04
 www.maturehotsex.com,90,7/29/2020 10:27:04,7/29/2020 10:27:04
 bettermilfs.com,90,7/29/2020 10:27:04,7/29/2020 10:27:04
 www.milfionaire.com,90,7/29/2020 10:27:04,7/29/2020 10:27:04
 www.oldercherry.com,90,7/29/2020 10:27:04,7/29/2020 10:27:04
 www.sexymilfpussy.com,90,7/29/2020 10:27:04,7/29/2020 10:27:04
 www.maturepornpics.com,90,7/29/2020 10:27:04,7/29/2020 10:27:04
 action36.com,90,7/29/2020 10:27:04,7/29/2020 10:27:04
 www.dianapost.com,90,7/29/2020 10:27:04,7/29/2020 10:27:04
 babesclub.net,90,7/29/2020 10:27:04,7/29/2020 10:27:04
 lovely-mature.net,90,7/29/2020 10:27:04,7/29/2020 10:27:04
 bestmaturesthumb.com,90,7/29/2020 10:27:04,7/29/2020 10:27:04
 myfreemoms.com,90,7/29/2020 10:27:04,7/29/2020 10:27:04
 milfatwork.net,90,7/29/2020 10:27:04,7/29/2020 10:27:04
 milfgals.net,90,7/29/2020 10:27:04,7/29/2020 10:27:04
 olderwomenarchive.com,90,7/29/2020 10:27:04,7/29/2020 10:27:04
 www.milfmomspics.com,90,7/29/2020 10:27:04,7/29/2020 10:27:04
 www.pornovideo.italy.com,90,7/29/2020 10:27:04,7/29/2020 10:27:04
 stiflersmilfs.com,90,7/29/2020 10:27:04,7/29/2020 10:27:04
 maturenags.com,90,7/29/2020 10:27:04,7/29/2020 10:27:04
 maturenakedsluts.com,90,7/29/2020 10:27:04,7/29/2020 10:27:04
 tgpmaturewoman.com,90,7/29/2020 10:27:04,7/29/2020 10:27:04
 www.idealwifes.com,90,7/29/2020 10:27:04,7/29/2020 10:27:04
 maturewitch.com,90,7/29/2020 10:27:04,7/29/2020 10:27:04
 www.hqmaturemovs.com,90,7/29/2020 10:27:04,7/29/2020 10:27:04
 mature-women-tube.org,90,7/29/2020 10:27:04,7/29/2020 10:27:04
 www.olderwomentaboo.com,90,7/29/2020 10:27:04,7/29/2020 10:27:04
 www.chocomilf.com,90,7/29/2020 10:27:04,7/29/2020 10:27:04
 www.milfparanoia.com,90,7/29/2020 10:27:04,7/29/2020 10:27:04
 www.momsnightjob.com,90,7/29/2020 10:27:04,7/29/2020 10:27:04
 www.matureintros.com,90,7/29/2020 10:27:04,7/29/2020 10:27:04
 booloo.com,90,7/29/2020 10:27:04,7/29/2020 10:27:04
 www.bigbuttmature.com,90,7/29/2020 10:27:04,7/29/2020 10:27:04
 www.maturetube.com,90,7/29/2020 10:27:04,7/29/2020 10:27:04
 www.mature30-45.com,90,7/29/2020 10:27:04,7/29/2020 10:27:04
 www.maturecool.com,90,7/29/2020 10:27:04,7/29/2020 10:27:04
 www.mamitatube.com,90,7/29/2020 10:27:04,7/29/2020 10:27:04
 www.freematurevideo.net,90,7/29/2020 10:27:04,7/29/2020 10:27:04
 silkymoms.com,90,7/29/2020 10:27:04,7/29/2020 10:27:04
 www.momsclan.com,90,7/29/2020 10:27:04,7/29/2020 10:27:04
 www.bravomamas.com,90,7/29/2020 10:27:04,7/29/2020 10:27:04
 www.sharedxpics.com,90,7/29/2020 10:27:04,7/29/2020 10:27:04
 www.fuckmaturewhore.com,90,7/29/2020 10:27:04,7/29/2020 10:27:04
 maturedummy.com,90,7/29/2020 10:27:04,7/29/2020 10:27:04
 hotfreemilfs.com,90,7/29/2020 10:27:04,7/29/2020 10:27:04
 www.el-ladies.com,90,7/29/2020 10:27:04,7/29/2020 10:27:04
 www.xxxmomclips.com,90,7/29/2020 10:27:04,7/29/2020 10:27:04
 www.idealmilf.com,90,7/29/2020 10:27:04,7/29/2020 10:27:04
 www.alexmatures.com,90,7/29/2020 10:27:04,7/29/2020 10:27:04
 www.kingsizebreasts.com,90,7/29/2020 10:27:04,7/29/2020 10:27:04
 www.matureladies.com,90,7/29/2020 10:27:04,7/29/2020 10:27:04
 www.bigtitsnaked.com,90,7/29/2020 10:27:04,7/29/2020 10:27:04
 www.xebonygirls.com,90,7/29/2020 10:27:04,7/29/2020 10:27:04
 www.numaturewomen.com,90,7/29/2020 10:27:04,7/29/2020 10:27:04
 www.womeninyears.com,90,7/29/2020 10:27:04,7/29/2020 10:27:04
 www.maturehere.com,90,7/29/2020 10:27:04,7/29/2020 10:27:04
 www.milfpicshere.com,90,7/29/2020 10:27:04,7/29/2020 10:27:04
 www.maturepicsarchive.com,90,7/29/2020 10:27:04,7/29/2020 10:27:04
 viewmature.com,90,7/29/2020 10:27:04,7/29/2020 10:27:04
 www.womenmaturepics.com,90,7/29/2020 10:27:04,7/29/2020 10:27:04
 momspics.net,90,7/29/2020 10:27:04,7/29/2020 10:27:04
 www.cleomture.com,90,7/29/2020 10:27:04,7/29/2020 10:27:04
 milf-fucking.net,90,7/29/2020 10:27:04,7/29/2020 10:27:04
 www.maturecherry.net,90,7/29/2020 10:27:04,7/29/2020 10:27:04
 immoralmatures.com,90,7/29/2020 10:27:04,7/29/2020 10:27:04
 www.pretty-matures.com,90,7/29/2020 10:27:04,7/29/2020 10:27:04
 matureclithunter.com,90,7/29/2020 10:27:04,7/29/2020 10:27:04
 ilovematurewomen.tumblr.com,90,7/29/2020 10:27:04,7/29/2020 10:27:04
 www.nudematurepussy.com,90,7/29/2020 10:27:04,7/29/2020 10:27:04
 www.nudemomandboy.com,90,7/29/2020 10:27:04,7/29/2020 10:27:04
 www.mygranny.pics,90,7/29/2020 10:27:04,7/29/2020 10:27:04
 www.eroticteens.pw,90,7/29/2020 10:27:04,7/29/2020 10:27:04
 www.pussy-mature.com,90,7/29/2020 10:27:04,7/29/2020 10:27:04
 www.fatsexygirls.net,90,7/29/2020 10:27:04,7/29/2020 10:27:04
 www.40somethingmag.com,90,7/29/2020 10:27:04,7/29/2020 10:27:04
 www.tgpmaturewoman.com,90,7/29/2020 10:27:04,7/29/2020 10:27:04
 www.amazingmaturesluts.com,90,7/29/2020 10:27:04,7/29/2020 10:27:04
 www.milftubevids.com,90,7/29/2020 10:27:04,7/29/2020 10:27:04
 www.myhdshop.com,90,7/29/2020 10:27:04,7/29/2020 10:27:04
 matureholes.net,90,7/29/2020 10:27:04,7/29/2020 10:27:04
 vipoldies.net,90,7/29/2020 10:27:04,7/29/2020 10:27:04
 juicy-matures.com,90,7/29/2020 10:27:04,7/29/2020 10:27:04
 hotelmatures.com,90,7/29/2020 10:27:04,7/29/2020 10:27:04
 www.gaytube.com,90,7/29/2020 10:27:04,7/29/2020 10:27:04
 hardsexyyoupornhub.com,90,7/29/2020 10:27:04,7/29/2020 10:27:04
 lewd-babes.com,90,7/29/2020 10:27:04,7/29/2020 10:27:04
 xxx.adulttube.com,90,7/29/2020 10:27:04,7/29/2020 10:27:04
 maturesexy.us,90,7/29/2020 10:27:04,7/29/2020 10:27:04
 www.galsarchive.com,90,7/29/2020 10:27:04,7/29/2020 10:27:04
 maturegirl.us,90,7/29/2020 10:27:04,7/29/2020 10:27:04
 sexpics.xxx,90,7/29/2020 10:27:04,7/29/2020 10:27:04
 www.mature-for-you.com,90,7/29/2020 10:27:04,7/29/2020 10:27:04
 www.mulligansmilfs.com,90,7/29/2020 10:27:04,7/29/2020 10:27:04
 www.gracefulmilf.com,90,7/29/2020 10:27:04,7/29/2020 10:27:04
 www.momsforporn.com,90,7/29/2020 10:27:04,7/29/2020 10:27:04
 www.sexyhotmilf.com,90,7/29/2020 10:27:04,7/29/2020 10:27:04
 www.azgals.com,90,7/29/2020 10:27:04,7/29/2020 10:27:04
 www.thematureladies.com,90,7/29/2020 10:27:04,7/29/2020 10:27:04
 ahmilf.com,90,7/29/2020 10:27:04,7/29/2020 10:27:04
 www.cheatwife.com,90,7/29/2020 10:27:04,7/29/2020 10:27:04
 www.picsboob.com,90,7/29/2020 10:27:04,7/29/2020 10:27:04
 www.agedmamas.com,90,7/29/2020 10:27:04,7/29/2020 10:27:04
 www.bigtitsmilf.com,90,7/29/2020 10:27:04,7/29/2020 10:27:04
 www.mturemomsporn.com,90,7/29/2020 10:27:04,7/29/2020 10:27:04
 www.older-beauty.com,90,7/29/2020 10:27:04,7/29/2020 10:27:04
 www.empflix.com,90,7/29/2020 10:27:04,7/29/2020 10:27:04
 www.numoms.com,90,7/29/2020 10:27:04,7/29/2020 10:27:04
 www.ladymom.com,90,7/29/2020 10:27:04,7/29/2020 10:27:04
 www.ladymom.com,90,7/29/2020 10:27:04,7/29/2020 10:27:04
 www.petiteporn.pw,90,7/29/2020 10:27:04,7/29/2020 10:27:04
 www.grannyhairy.net,90,7/29/2020 10:27:04,7/29/2020 10:27:04
 gramateurs.com,90,7/29/2020 10:27:04,7/29/2020 10:27:04
 www.sexy-olders.com,90,7/29/2020 10:27:04,7/29/2020 10:27:04
 fresh-galleries.com,90,7/29/2020 10:27:04,7/29/2020 10:27:04
 www.nudematuremix.com,90,7/29/2020 10:27:04,7/29/2020 10:27:04
 alansanal.com,90,7/29/2020 10:27:04,7/29/2020 10:27:04
 www.mature-library.com,90,7/29/2020 10:27:04,7/29/2020 10:27:04
 www.filthymamas.com,90,7/29/2020 10:27:04,7/29/2020 10:27:04
 mature-beach.com,90,7/29/2020 10:27:04,7/29/2020 10:27:04
 www.sexualolders.com,90,7/29/2020 10:27:04,7/29/2020 10:27:04
 www.horny-olders.com,90,7/29/2020 10:27:04,7/29/2020 10:27:04
 www.olderkiss.com,90,7/29/2020 10:27:04,7/29/2020 10:27:04
 www.wethairywats.com,90,7/29/2020 10:27:04,7/29/2020 10:27:04
 www.erotic-olders.com,90,7/29/2020 10:27:04,7/29/2020 10:27:04
 www.maturemompics.com,90,7/29/2020 10:27:04,7/29/2020 10:27:04
 www.maturedally.net,90,7/29/2020 10:27:04,7/29/2020 10:27:04
 www.place21.com,90,7/29/2020 10:27:04,7/29/2020 10:27:04
 www.teenhana.com,90,7/29/2020 10:27:04,7/29/2020 10:27:04
 www.classic-moms.com,90,7/29/2020 10:27:04,7/29/2020 10:27:04
 www.grandmammapics.com,90,7/29/2020 10:27:04,7/29/2020 10:27:04
 www.xmilfpics.com,90,7/29/2020 10:27:04,7/29/2020 10:27:04
 www.hotchicks.sexy,90,7/29/2020 10:27:04,7/29/2020 10:27:04
 www.ebonyfantasies.com,90,7/29/2020 10:27:04,7/29/2020 10:27:04
 www.milfbank.com,90,7/29/2020 10:27:04,7/29/2020 10:27:04
 www.freematurepornpics.com,90,7/29/2020 10:27:04,7/29/2020 10:27:04
 www.agedcunts.net,90,7/29/2020 10:27:04,7/29/2020 10:27:04
 www.milfsection.met,90,7/29/2020 10:27:04,7/29/2020 10:27:04
 myexmilf.com,90,7/29/2020 10:27:04,7/29/2020 10:27:04
 bestmilfsporn.com,90,7/29/2020 10:27:04,7/29/2020 10:27:04
 www.everydaycams.com,90,7/29/2020 10:27:04,7/29/2020 10:27:04
 www.adultreviews.com,90,7/29/2020 10:27:04,7/29/2020 10:27:04
 icematures.com,90,7/29/2020 10:27:04,7/29/2020 10:27:04
 mature4.net,90,7/29/2020 10:27:04,7/29/2020 10:27:04
 milfera.com,90,7/29/2020 10:27:04,7/29/2020 10:27:04
 www.milfjam.com,90,7/29/2020 10:27:04,7/29/2020 10:27:04
 www.bbwpornpics.com,90,7/29/2020 10:27:04,7/29/2020 10:27:04
 www.pornxxx.com,90,7/29/2020 10:27:04,7/29/2020 10:27:04
 www.milfkiss.com,90,7/29/2020 10:27:04,7/29/2020 10:27:04
 www.chubbygirlpics.com,90,7/29/2020 10:27:04,7/29/2020 10:27:04
 excitingmatures.com,90,7/29/2020 10:27:04,7/29/2020 10:27:04
 www.hairymaturegirls.com,90,7/29/2020 10:27:04,7/29/2020 10:27:04
 www.pamelapost.com,90,7/29/2020 10:27:04,7/29/2020 10:27:04
 www.7feel.net,90,7/29/2020 10:27:04,7/29/2020 10:27:04
 www.tubefellas.com,90,7/29/2020 10:27:04,7/29/2020 10:27:04
 www.sexymaturethumbs.com,90,7/29/2020 10:27:04,7/29/2020 10:27:04
 www.sexybuttpics.com,90,7/29/2020 10:27:04,7/29/2020 10:27:04
 www.sexyhotmilfs.com,90,7/29/2020 10:27:04,7/29/2020 10:27:04
 www.secretarypics.com,90,7/29/2020 10:27:04,7/29/2020 10:27:04
 www.naked-moms.com,90,7/29/2020 10:27:04,7/29/2020 10:27:04
 www.momhandjob.com,90,7/29/2020 10:27:04,7/29/2020 10:27:04
 www.sexymaturethumbs.com,90,7/29/2020 10:27:04,7/29/2020 10:27:04
 www.pornsticky.com,90,7/29/2020 10:27:04,7/29/2020 10:27:04
 www.hairymilfpics.com,90,7/29/2020 10:27:04,7/29/2020 10:27:04
 www.maturebrotherthumbs.com,90,7/29/2020 10:27:04,7/29/2020 10:27:04
 www.hotmomsporn.com,90,7/29/2020 10:27:04,7/29/2020 10:27:04
 nudematuremix.com,90,7/29/2020 10:27:04,7/29/2020 10:27:04
 www.30plusgirls.com,90,7/29/2020 10:27:04,7/29/2020 10:27:04
 www.wifesbank.com,90,7/29/2020 10:27:04,7/29/2020 10:27:04
 www.milfsarea.com,90,7/29/2020 10:27:04,7/29/2020 10:27:04
 www.pornoriver.net,90,7/29/2020 10:27:04,7/29/2020 10:27:04
 www.milfsbeach.com,90,7/29/2020 10:27:04,7/29/2020 10:27:04
 www.matureguide.com,90,7/29/2020 10:27:04,7/29/2020 10:27:04
 www.dailyolders.com,90,7/29/2020 10:27:04,7/29/2020 10:27:04
 www.askyourmommy.com,90,7/29/2020 10:27:04,7/29/2020 10:27:04
 www.free-porn-pics.net,90,7/29/2020 10:27:04,7/29/2020 10:27:04
 maturedolls.net,90,7/29/2020 10:27:04,7/29/2020 10:27:04
 juicygranny.com,90,7/29/2020 10:27:04,7/29/2020 10:27:04
 www.maturepornhere.com,90,7/29/2020 10:27:04,7/29/2020 10:27:04
 www.nakedoldbabes.com,90,7/29/2020 10:27:04,7/29/2020 10:27:04
 www.stripping-moms.com,90,7/29/2020 10:27:04,7/29/2020 10:27:04
 sexymaturepussies.com,90,7/29/2020 10:27:04,7/29/2020 10:27:04
 www.owerotica.com,90,7/29/2020 10:27:04,7/29/2020 10:27:04
 www.old-vulva.com,90,7/29/2020 10:27:04,7/29/2020 10:27:04
 www.oldmomstgp.com,90,7/29/2020 10:27:04,7/29/2020 10:27:04
 www.posing-matures.com,90,7/29/2020 10:27:04,7/29/2020 10:27:04
 www.momsecstasy.com,90,7/29/2020 10:27:04,7/29/2020 10:27:04
 www.gracefulmom.com,90,7/29/2020 10:27:04,7/29/2020 10:27:04
 www.wetmaturepics.com,90,7/29/2020 10:27:04,7/29/2020 10:27:04
 wifenaked.net,90,7/29/2020 10:27:04,7/29/2020 10:27:04
 www.maturexxxclipz.com,90,7/29/2020 10:27:04,7/29/2020 10:27:04
 matureplace.com,90,7/29/2020 10:27:04,7/29/2020 10:27:04
 www.riomilf.com,90,7/29/2020 10:27:04,7/29/2020 10:27:04
 www.fresholders.com,90,7/29/2020 10:27:04,7/29/2020 10:27:04
 www.hqoldies.com,90,7/29/2020 10:27:04,7/29/2020 10:27:04
 bigtitsfree.net,90,7/29/2020 10:27:04,7/29/2020 10:27:04
 www.amateur-libertins.net,90,7/29/2020 10:27:04,7/29/2020 10:27:04
 www.maturepornqueens.net,90,7/29/2020 10:27:04,7/29/2020 10:27:04
 amaclips.com,90,7/29/2020 10:27:04,7/29/2020 10:27:04
 eroticplace.net,90,7/29/2020 10:27:04,7/29/2020 10:27:04
 www.myonlyhd.com,90,7/29/2020 10:27:04,7/29/2020 10:27:04
 amapics.net,90,7/29/2020 10:27:04,7/29/2020 10:27:04
 www.30yomilf.com,90,7/29/2020 10:27:04,7/29/2020 10:27:04
 fuckdc.com,90,7/29/2020 10:27:04,7/29/2020 10:27:04
 www.mommyxxxmovies.com,90,7/29/2020 10:27:04,7/29/2020 10:27:04
 www.teenpussy.pw,90,7/29/2020 10:27:04,7/29/2020 10:27:04
 www.imomsex.com,90,7/29/2020 10:27:04,7/29/2020 10:27:04
 www.matureandgranny.com,90,7/29/2020 10:27:04,7/29/2020 10:27:04
 milffreepictures.com,90,7/29/2020 10:27:04,7/29/2020 10:27:04
 www.xxxmaturepost.com,90,7/29/2020 10:27:04,7/29/2020 10:27:04
 uniquesexymoms.com,90,7/29/2020 10:27:04,7/29/2020 10:27:04
 fuckmaturewhore.com,90,7/29/2020 10:27:04,7/29/2020 10:27:04
 www.gentlemoms.com,90,7/29/2020 10:27:04,7/29/2020 10:27:04
 www.deviantclip.com,90,7/29/2020 10:27:04,7/29/2020 10:27:04
 www.oldsweet.com,90,7/29/2020 10:27:04,7/29/2020 10:27:04
 www.grannypornpics.net,90,7/29/2020 10:27:04,7/29/2020 10:27:04
 www.lewdmistress.com,90,7/29/2020 10:27:04,7/29/2020 10:27:04
 www.worldxxxphotos.com,90,7/29/2020 10:27:04,7/29/2020 10:27:04
 www.sweetmaturepics.com,90,7/29/2020 10:27:04,7/29/2020 10:27:04
 www.oldpoon.com,90,7/29/2020 10:27:04,7/29/2020 10:27:04
 sexymaturepics.com,90,7/29/2020 10:27:04,7/29/2020 10:27:04
 www.goodgrannypics.com,90,7/29/2020 10:27:04,7/29/2020 10:27:04
 www.dagay.com,90,7/29/2020 10:27:04,7/29/2020 10:27:04
 www.randyhags.com,90,7/29/2020 10:27:04,7/29/2020 10:27:04
 www.thegranny.net,90,7/29/2020 10:27:04,7/29/2020 10:27:04
 www.maturemomsex.com,90,7/29/2020 10:27:04,7/29/2020 10:27:04
 maturesort.com,90,7/29/2020 10:27:04,7/29/2020 10:27:04
 www.immodestmoms.com,90,7/29/2020 10:27:04,7/29/2020 10:27:04
 www.immaturewomen.com,90,7/29/2020 10:27:04,7/29/2020 10:27:04
 www.bigboty4free.com,90,7/29/2020 10:27:04,7/29/2020 10:27:04
 tiny-cams.com,90,7/29/2020 10:27:04,7/29/2020 10:27:04
 oldwomanface.com,90,7/29/2020 10:27:04,7/29/2020 10:27:04
 www.home-madness.com,90,7/29/2020 10:27:04,7/29/2020 10:27:04
 www.posingwomen.com,90,7/29/2020 10:27:04,7/29/2020 10:27:04
 www.maturesensations.com,90,7/29/2020 10:27:04,7/29/2020 10:27:04
 www.filthyoldies.com,90,7/29/2020 10:27:04,7/29/2020 10:27:04
 matureclits.net,90,7/29/2020 10:27:04,7/29/2020 10:27:04
 momsinporn.net,90,7/29/2020 10:27:04,7/29/2020 10:27:04
 maturebabesporno.com,90,7/29/2020 10:27:04,7/29/2020 10:27:04
 matureinlove.net,90,7/29/2020 10:27:04,7/29/2020 10:27:04
 bigtitsporn.me,90,7/29/2020 10:27:04,7/29/2020 10:27:04
 www.xxxolders.com,90,7/29/2020 10:27:04,7/29/2020 10:27:04
 www.freemilfsite.com,90,7/29/2020 10:27:04,7/29/2020 10:27:04
 sex.pornoxxl.org,90,7/29/2020 10:27:04,7/29/2020 10:27:04
 queenofmature.com,90,7/29/2020 10:27:04,7/29/2020 10:27:04
 www.hotmomspics.com,90,7/29/2020 10:27:04,7/29/2020 10:27:04
 www.freemilfpornpics.com,90,7/29/2020 10:27:04,7/29/2020 10:27:04
 www.ashleyrnadison.com,90,7/29/2020 10:27:04,7/29/2020 10:27:04
 www.bizzzporno.com,90,7/29/2020 10:27:04,7/29/2020 10:27:04
 www.sexy-links.net,90,7/29/2020 10:27:04,7/29/2020 10:27:04
 www.hotsexyteensphotos.com,90,7/29/2020 10:27:04,7/29/2020 10:27:04
 teemns-pic.com,90,7/29/2020 10:27:04,7/29/2020 10:27:04
 video-porno.1lecheuse.com,90,7/29/2020 10:27:04,7/29/2020 10:27:04
 www.mrskin.com,90,7/29/2020 10:27:04,7/29/2020 10:27:04
 www.gobeurettes.com,90,7/29/2020 10:27:04,7/29/2020 10:27:04
 actuallyattractiveamateurs.tumblr.com,90,7/29/2020 10:27:04,7/29/2020 10:27:04
 www.sexynakedamateurgirls.com,90,7/29/2020 10:27:04,7/29/2020 10:27:04
 nudedares.tumblr.com,90,7/29/2020 10:27:04,7/29/2020 10:27:04
 amateur-sexys.tumblr.com,90,7/29/2020 10:27:04,7/29/2020 10:27:04
 hothomemadepix.tumblr.com,90,7/29/2020 10:27:04,7/29/2020 10:27:04
 hotamateurclip.com,90,7/29/2020 10:27:04,7/29/2020 10:27:04
 voyeursport.com,90,7/29/2020 10:27:04,7/29/2020 10:27:04
 www.upskirt.com,90,7/29/2020 10:27:04,7/29/2020 10:27:04
 www.fakku.net,90,7/29/2020 10:27:04,7/29/2020 10:27:04
 pornmirror.com,90,7/29/2020 10:27:04,7/29/2020 10:27:04
 youjizz.ws,90,7/29/2020 10:27:04,7/29/2020 10:27:04
 insext.net,90,7/29/2020 10:27:04,7/29/2020 10:27:04
 pahubad.com,90,7/29/2020 10:27:04,7/29/2020 10:27:04
 www.xtube.nom.co,90,7/29/2020 10:27:04,7/29/2020 10:27:04
 boytikol.com,90,7/29/2020 10:27:04,7/29/2020 10:27:04
 www.beeg.co,90,7/29/2020 10:27:04,7/29/2020 10:27:04
 khu18.biz,90,7/29/2020 10:27:04,7/29/2020 10:27:04
 www.gonzo.com,90,7/29/2020 10:27:04,7/29/2020 10:27:04
 www.esseporn.com,90,7/29/2020 10:27:04,7/29/2020 10:27:04
 www.myfreepornvideos.net,90,7/29/2020 10:27:04,7/29/2020 10:27:04
 www.freeones.ch,90,7/29/2020 10:27:04,7/29/2020 10:27:04
 efukt.com,90,7/29/2020 10:27:04,7/29/2020 10:27:04
 newsfilter.org,90,7/29/2020 10:27:04,7/29/2020 10:27:04
 xxxvideo.com,90,7/29/2020 10:27:04,7/29/2020 10:27:04
 video-one.com,90,7/29/2020 10:27:04,7/29/2020 10:27:04
 www.pornstarhangout.com,90,7/29/2020 10:27:04,7/29/2020 10:27:04
 www.breeolson.com,90,7/29/2020 10:27:04,7/29/2020 10:27:04
 porn720.com,90,7/29/2020 10:27:04,7/29/2020 10:27:04
 www.collegehumor.com,90,7/29/2020 10:27:04,7/29/2020 10:27:04
 www.barstoolsports.com,90,7/29/2020 10:27:04,7/29/2020 10:27:04
 hollywoodjizz.com,90,7/29/2020 10:27:04,7/29/2020 10:27:04
 shitbrix.com,90,7/29/2020 10:27:04,7/29/2020 10:27:04
 xxxsummer.net,90,7/29/2020 10:27:04,7/29/2020 10:27:04
 porny.com,90,7/29/2020 10:27:04,7/29/2020 10:27:04
 video.freex.mobl,90,7/29/2020 10:27:04,7/29/2020 10:27:04
 dixvi.com,90,7/29/2020 10:27:04,7/29/2020 10:27:04
 pornnakedgirls.com,90,7/29/2020 10:27:04,7/29/2020 10:27:04
 realitypassplus.com,90,7/29/2020 10:27:04,7/29/2020 10:27:04
 www.digitalplayground.com,90,7/29/2020 10:27:04,7/29/2020 10:27:04
 9gag.tv,90,7/29/2020 10:27:04,7/29/2020 10:27:04
 www.kickass.com,90,7/29/2020 10:27:04,7/29/2020 10:27:04
 es.xhamster.com,90,7/29/2020 10:27:04,7/29/2020 10:27:04
 sex3.com,90,7/29/2020 10:27:04,7/29/2020 10:27:04
 www.bravioteens.com,90,7/29/2020 10:27:04,7/29/2020 10:27:04
 www.katestube.com,90,7/29/2020 10:27:04,7/29/2020 10:27:04
 yourlust.com,90,7/29/2020 10:27:04,7/29/2020 10:27:04
 wixvi.com,90,7/29/2020 10:27:04,7/29/2020 10:27:04
 www.porntubevidz.com,90,7/29/2020 10:27:04,7/29/2020 10:27:04
 www.3movs.com,90,7/29/2020 10:27:04,7/29/2020 10:27:04
 www.buzzwok.com,90,7/29/2020 10:27:04,7/29/2020 10:27:04
 largepontube.com,90,7/29/2020 10:27:04,7/29/2020 10:27:04
 kickass.co,90,7/29/2020 10:27:04,7/29/2020 10:27:04
 godao.com,90,7/29/2020 10:27:04,7/29/2020 10:27:04
 www.hardsextube.com,90,7/29/2020 10:27:04,7/29/2020 10:27:04
 www.ah-me.com,90,7/29/2020 10:27:04,7/29/2020 10:27:04
 www.nuvid.com,90,7/29/2020 10:27:04,7/29/2020 10:27:04
 www.10pointz.com,90,7/29/2020 10:27:04,7/29/2020 10:27:04
 jrunk.tumblr.com,90,7/29/2020 10:27:04,7/29/2020 10:27:04
 www.pornerbros.com,90,7/29/2020 10:27:04,7/29/2020 10:27:04
 www.porndig.com,90,7/29/2020 10:27:04,7/29/2020 10:27:04
 www.bigtinz.com,90,7/29/2020 10:27:04,7/29/2020 10:27:04
 www.8nsex.com,90,7/29/2020 10:27:04,7/29/2020 10:27:04
 www.imagefap.com,90,7/29/2020 10:27:04,7/29/2020 10:27:04
 adultfriendfinder.com,90,7/29/2020 10:27:04,7/29/2020 10:27:04
 www.pornodoido.com,90,7/29/2020 10:27:04,7/29/2020 10:27:04
 www.hdrolet.com,90,7/29/2020 10:27:04,7/29/2020 10:27:04
 xpornking.com,90,7/29/2020 10:27:04,7/29/2020 10:27:04
 www.pornokutusu.com,90,7/29/2020 10:27:04,7/29/2020 10:27:04
 pornzz.com,90,7/29/2020 10:27:04,7/29/2020 10:27:04
 www.pornoforo.com,90,7/29/2020 10:27:04,7/29/2020 10:27:04
 milfpornet.com,90,7/29/2020 10:27:04,7/29/2020 10:27:04
 www.kink.com,90,7/29/2020 10:27:04,7/29/2020 10:27:04
 squirtingmastery.com,90,7/29/2020 10:27:04,7/29/2020 10:27:04
 www.thehotpics.com,90,7/29/2020 10:27:04,7/29/2020 10:27:04
 www.pof.com,90,7/29/2020 10:27:04,7/29/2020 10:27:04
 eatyouout.tumblr.com,90,7/29/2020 10:27:04,7/29/2020 10:27:04
 playboy.com,90,7/29/2020 10:27:04,7/29/2020 10:27:04
 milfsaffair.com,90,7/29/2020 10:27:04,7/29/2020 10:27:04
 www.indiangilma.com,90,7/29/2020 10:27:04,7/29/2020 10:27:04
 www.private.com,90,7/29/2020 10:27:04,7/29/2020 10:27:04
 fuck-milf.com,90,7/29/2020 10:27:04,7/29/2020 10:27:04
 foto-erotica.es,90,7/29/2020 10:27:04,7/29/2020 10:27:04
 www.daultpornvideox.com,90,7/29/2020 10:27:04,7/29/2020 10:27:04
 es.bongacams.com,90,7/29/2020 10:27:04,7/29/2020 10:27:04
 ww.lastsexe.com,90,7/29/2020 10:27:04,7/29/2020 10:27:04
 www.pinksofa.com,90,7/29/2020 10:27:04,7/29/2020 10:27:04
 www.pinkcupid.com,90,7/29/2020 10:27:04,7/29/2020 10:27:04
 www.onlyporngif.com,90,7/29/2020 10:27:04,7/29/2020 10:27:04
 sexyono.com,90,7/29/2020 10:27:04,7/29/2020 10:27:04
 www.shitbrix.com,90,7/29/2020 10:27:04,7/29/2020 10:27:04
 motherless.com,90,7/29/2020 10:27:04,7/29/2020 10:27:04
 thehotpics.com,90,7/29/2020 10:27:04,7/29/2020 10:27:04
 www.joncjg.blogspot.in,90,7/29/2020 10:27:04,7/29/2020 10:27:04
 fr-nostradamus.com,90,7/29/2020 10:27:04,7/29/2020 10:27:04
 masturbationaddicton.net,90,7/29/2020 10:27:04,7/29/2020 10:27:04
 japanesexxxtube.com,90,7/29/2020 10:27:04,7/29/2020 10:27:04
 www.kilopics.com,90,7/29/2020 10:27:04,7/29/2020 10:27:04
 www.find-best-lingerie.com,90,7/29/2020 10:27:04,7/29/2020 10:27:04
 www.dustyporn.com,90,7/29/2020 10:27:04,7/29/2020 10:27:04
 cleoteener.com,90,7/29/2020 10:27:04,7/29/2020 10:27:04
 teen18ass.com,90,7/29/2020 10:27:04,7/29/2020 10:27:04
 www.eternaldesire.com,90,7/29/2020 10:27:04,7/29/2020 10:27:04
 www.sexyteensphotos.com,90,7/29/2020 10:27:04,7/29/2020 10:27:04
 teenpornjoy.com,90,7/29/2020 10:27:04,7/29/2020 10:27:04
 www.bubblebuttpics.com,90,7/29/2020 10:27:04,7/29/2020 10:27:04
 allofteens.com,90,7/29/2020 10:27:04,7/29/2020 10:27:04
 www.tinysolo.com,90,7/29/2020 10:27:04,7/29/2020 10:27:04
 www.mynakedteens.com,90,7/29/2020 10:27:04,7/29/2020 10:27:04
 youngmint.com,90,7/29/2020 10:27:04,7/29/2020 10:27:04
 www.yourlustgirlfriends.com,90,7/29/2020 10:27:04,7/29/2020 10:27:04
 www.youngxxxpics.com,90,7/29/2020 10:27:04,7/29/2020 10:27:04
 www.pinkteenpics.com,90,7/29/2020 10:27:04,7/29/2020 10:27:04
 www.clit7.com,90,7/29/2020 10:27:04,7/29/2020 10:27:04
 www.find-best-videos.com,90,7/29/2020 10:27:04,7/29/2020 10:27:04
 www.freekiloclips.com,90,7/29/2020 10:27:04,7/29/2020 10:27:04
 www.nudeartstars.com,90,7/29/2020 10:27:04,7/29/2020 10:27:04
 www.freeporndr.com,90,7/29/2020 10:27:04,7/29/2020 10:27:04
 www.superdiosas.com,90,7/29/2020 10:27:04,7/29/2020 10:27:04
 www.disco-girls.com,90,7/29/2020 10:27:04,7/29/2020 10:27:04
 www.lewd-girls.com,90,7/29/2020 10:27:04,7/29/2020 10:27:04
 mega-teen.com,90,7/29/2020 10:27:04,7/29/2020 10:27:04
 www.heganporn.com,90,7/29/2020 10:27:04,7/29/2020 10:27:04
 www.pornstarnirvna.com,90,7/29/2020 10:27:04,7/29/2020 10:27:04
 www.llveleak.com,90,7/29/2020 10:27:04,7/29/2020 10:27:04
 rude.com,90,7/29/2020 10:27:04,7/29/2020 10:27:04
 www.anatarvasnavideos.com,90,7/29/2020 10:27:04,7/29/2020 10:27:04
 tour.fuckmyindiangf.com,90,7/29/2020 10:27:04,7/29/2020 10:27:04
 desindian.sextgem.com,90,7/29/2020 10:27:04,7/29/2020 10:27:04
 www.iscindia.org,90,7/29/2020 10:27:04,7/29/2020 10:27:04
 www.tubegogo.com,90,7/29/2020 10:27:04,7/29/2020 10:27:04
 in.spankbang.com,90,7/29/2020 10:27:04,7/29/2020 10:27:04
 www.yehfun.com,90,7/29/2020 10:27:04,7/29/2020 10:27:04
 www.indiankahani.com,90,7/29/2020 10:27:04,7/29/2020 10:27:04
 www.pornmdk.com,90,7/29/2020 10:27:04,7/29/2020 10:27:04
 www.tubestack.com,90,7/29/2020 10:27:04,7/29/2020 10:27:04
 www.desikahani.net,90,7/29/2020 10:27:04,7/29/2020 10:27:04
 xesi.mobi,90,7/29/2020 10:27:04,7/29/2020 10:27:04
 www.desitales.com,90,7/29/2020 10:27:04,7/29/2020 10:27:04
 www.allindiansex.com,90,7/29/2020 10:27:04,7/29/2020 10:27:04
 www.tubexclips.com,90,7/29/2020 10:27:04,7/29/2020 10:27:04
 boyddl.com,90,7/29/2020 10:27:04,7/29/2020 10:27:04
 www.comicmasala.com,90,7/29/2020 10:27:04,7/29/2020 10:27:04
 www.slutload.com,90,7/29/2020 10:27:04,7/29/2020 10:27:04
 www.befuck.com,90,7/29/2020 10:27:04,7/29/2020 10:27:04
 www.porn20.org,90,7/29/2020 10:27:04,7/29/2020 10:27:04
 allindiansexstories.com,90,7/29/2020 10:27:04,7/29/2020 10:27:04
 cinedunia.com,90,7/29/2020 10:27:04,7/29/2020 10:27:04
 www.bollywood-sex.net,90,7/29/2020 10:27:04,7/29/2020 10:27:04
 www.funjadu.com,90,7/29/2020 10:27:04,7/29/2020 10:27:04
 iloveindiansex.com,90,7/29/2020 10:27:04,7/29/2020 10:27:04
 www.hyat.mobi,90,7/29/2020 10:27:04,7/29/2020 10:27:04
 m.chudaimaza.com,90,7/29/2020 10:27:04,7/29/2020 10:27:04
 www.adultphonechatlines.co.uk,90,7/29/2020 10:27:04,7/29/2020 10:27:04
 fsiblog.com,90,7/29/2020 10:27:04,7/29/2020 10:27:04
 www.fucking8.com,90,7/29/2020 10:27:04,7/29/2020 10:27:04
 www.cloaktube.com,90,7/29/2020 10:27:04,7/29/2020 10:27:04
 indianhotjokes.blogspot.in,90,7/29/2020 10:27:04,7/29/2020 10:27:04
 wegret.com,90,7/29/2020 10:27:04,7/29/2020 10:27:04
 www.indiansgoanal.org,90,7/29/2020 10:27:04,7/29/2020 10:27:04
 www.desipapa.com,90,7/29/2020 10:27:04,7/29/2020 10:27:04
 alizjokes.blogspot.in,90,7/29/2020 10:27:04,7/29/2020 10:27:04
 jlobster.com,90,7/29/2020 10:27:04,7/29/2020 10:27:04
 www.desikamasutra.com,90,7/29/2020 10:27:04,7/29/2020 10:27:04
 www.myhotsite.net,90,7/29/2020 10:27:04,7/29/2020 10:27:04
 hindi-sex.net,90,7/29/2020 10:27:04,7/29/2020 10:27:04
 www.bullporn.com,90,7/29/2020 10:27:04,7/29/2020 10:27:04
 oigh.info,90,7/29/2020 10:27:04,7/29/2020 10:27:04
 jizzporntube.com,90,7/29/2020 10:27:04,7/29/2020 10:27:04
 nonvegjokes.com,90,7/29/2020 10:27:04,7/29/2020 10:27:04
 www.eeltube.com,90,7/29/2020 10:27:04,7/29/2020 10:27:04
 www.haporntube.com,90,7/29/2020 10:27:04,7/29/2020 10:27:04
 hindiold.com,90,7/29/2020 10:27:04,7/29/2020 10:27:04